a, 18
about, 1
above, 1
across, 1
add, 1
after, 4
against, 1
aid, 1
all, 3
almost, 2
also, 1
among, 1
an, 1
ancient, 1
and, 72
army, 1
as, 3
at, 5
away, 1
back, 1
battle, 1
be, 1
beauty, 1
because, 1
below, 1
black, 3
burst, 1
but, 5
by, 6
case, 1
catch, 1
circle, 1
city, 4
climb, 1
close, 2
cold, 1
command, 1
company, 1
creature, 1
crew, 1
cry, 1
dark, 1
day, 3
distance, 1
dog, 1
door, 2
down, 1
dream, 1
each, 1
even, 1
ever, 1
evil, 1
face, 2
far, 2
few, 1
find, 2
fire, 1
fly, 1
for, 10
from, 4
general, 1
go, 1
gold, 1
great, 5
guide, 1
he, 12
here, 1
hold, 1
how, 1
however, 2
huge, 2
human, 1
ice, 1
important, 1
in, 18
it, 8
just, 2
kind, 1
know, 1
land, 2
large, 1
last, 1
lie, 1
like, 1
line, 1
little, 1
long, 1
many, 1
meet, 1
more, 3
morning, 1
mother, 1
much, 1
must, 2
mystery, 1
near, 2
new, 1
night, 1
no, 1
north, 2
not, 2
nothing, 3
now, 2
of, 52
off, 2
often, 2
old, 3
on, 7
once, 2
only, 1
out, 5
own, 2
party, 4
place, 2
probably, 1
reach, 2
red, 2
remain, 1
road, 1
rock, 2
sailor, 1
say, 1
sea, 2
second, 1
secret, 1
set, 1
shape, 1
ship, 2
side, 1
sign, 1
sing, 1
small, 2
smell, 1
snow, 1
so, 3
solid, 1
some, 1
sort, 1
square, 1
still, 3
stone, 1
sun, 1
tall, 1
tell, 1
terrible, 2
than, 1
that, 23
the, 94
them, 4
then, 2
there, 6
these, 2
they, 12
this, 1
through, 4
time, 2
to, 19
too, 1
toward, 1
town, 1
tree, 1
up, 5
very, 3
waste, 1
water, 1
well, 1
what, 1
when, 3
where, 2
which, 5
who, 3
whole, 1
will, 1
wind, 1
with, 12
without, 1
wonder, 1
world, 1
yet, 1
